date,mkt,rf,mktrf,smb,hml
20030102,0.03145,,0.0314,-0.0086,-0.0031
20030103,-0.0010500000000000002,,-0.0011,-0.0042,0.0004
20030106,0.02135,,0.0213,-0.0059,-0.0039
20030107,-0.00625,,-0.0063,0.0028,-0.0016
20030108,-0.01335,,-0.0134,0.001,0.0042
20030109,0.01895,,0.0189,-0.0009,-0.0046
20030110,0.00045000000000000004,,0.0004,0.0005,0.0019
20030113,-0.00115,,-0.0012,0.0013,0.0019
20030114,0.005549999999999999,,0.0055,0.0012,-0.0011
20030115,-0.01315,,-0.0132,0.0068,0.0057
20030116,-0.0033499999999999997,,-0.0034,0.0023,0.002
20030117,-0.013949999999999999,,-0.013999999999999999,-0.0043,0.0064
20030121,-0.01525,,-0.0153,0.0052,-0.0037
20030122,-0.00935,,-0.0094,0.0051,-0.0049
20030123,0.00995,,0.0099,0.0009,-0.0066
20030124,-0.027749999999999997,,-0.0278,0.0049,0.0055
20030127,-0.01645,,-0.0165,0.0022,-0.0014
20030128,0.01265,,0.0126,0.0009,-0.0042
20030129,0.00635,,0.0063,-0.0016,-0.0011
20030130,-0.021249999999999998,,-0.0213,0.0073,-0.0038
20030131,0.01285,,0.0128,-0.003,0.0026
20030203,0.0037500000000000003,,0.0037,-0.0071,-0.001
20030204,-0.01335,,-0.0134,0.0111,-0.002
20030205,-0.00485,,-0.0049,0.0016,0.0004
20030206,-0.006350000000000001,,-0.0064,0.0002,0.0013
20030207,-0.01055,,-0.0106,-0.0045,-0.0023
20030210,0.00695,,0.0069,0.0007,0.0006
20030211,-0.007050000000000001,,-0.0071,0.0032,-0.0032
20030212,-0.012450000000000001,,-0.0125,0.0018,0.0011
20030213,-0.0025499999999999997,,-0.0026,-0.0007,-0.0023
20030214,0.01905,,0.019,-0.0077,-0.0064
20030218,0.01975,,0.0197,-0.0041,-0.0011
20030219,-0.00695,,-0.006999999999999999,-0.003,0.0001
20030220,-0.00825,,-0.0083,0.0087,-0.0014
20030221,0.01315,,0.0131,-0.0013,-0.0004
20030224,-0.01775,,-0.0178,0.0044,-0.0013
20030225,0.007049999999999999,,0.006999999999999999,0.001,-0.0021
20030226,-0.012150000000000001,,-0.0122,0.0014,0.0044
20030227,0.01155,,0.0115,-0.0026,-0.0014
20030228,0.00415,,0.0041,-0.0069,0.0021
20030303,-0.0066500000000000005,,-0.0067,0.0013,0.0043
20030304,-0.01435,,-0.0144,0.0098,-0.0051
20030305,0.00785,,0.0078,-0.0087,0.0002
20030306,-0.00835,,-0.0084,0.0017,0.0003
20030307,0.00765,,0.0076,-0.0067,-0.0016
20030310,-0.023549999999999998,,-0.0236,0.0083,0.0009
20030311,-0.00805,,-0.0081,0.0092,-0.0071
20030312,0.0032500000000000003,,0.0032,-0.0039,-0.0043
20030313,0.03395,,0.0339,-0.0092,-0.0058
20030314,0.0013499999999999999,,0.0013,-0.0048,0.0016
20030317,0.03415,,0.0341,-0.008,-0.0021
20030318,0.00445,,0.0044,0.005,-0.0063
20030319,0.0072499999999999995,,0.0072,-0.0045,-0.0024
20030320,0.00285,,0.0028,0.0009,0.0037
20030321,0.02195,,0.0219,-0.0083,-0.0002
20030324,-0.033549999999999996,,-0.0336,0.0123,0.0016
20030325,0.01215,,0.0121,-0.001,-0.0005
20030326,-0.00545,,-0.0055,-0.0018,-0.003
20030327,-0.00085,,-0.0009,0.0065,-0.0001
20030328,-0.00475,,-0.0048,0.0029,0.0022
20030331,-0.01645,,-0.0165,0.0075,0.0044
20030401,0.01125,,0.0112,-0.0025,0.0025
20030402,0.026050000000000004,,0.026000000000000002,-0.0035,-0.0084
20030403,-0.00485,,-0.0049,0.004,0.0002
20030404,0.00155,,0.0015,-0.0073,0.0039
20030407,0.0018499999999999999,,0.0018,0.0039,0.006
20030408,-0.0023499999999999997,,-0.0024,-0.0029,0.0009
20030409,-0.012750000000000001,,-0.0128,0.0048,0.0079
20030410,0.0052499999999999995,,0.0052,-0.0024,-0.0026
20030411,-0.00315,,-0.0032,0.0003,-0.0003
20030414,0.018850000000000002,,0.0188,-0.0044,0.0003
20030415,0.0062499999999999995,,0.0062,0.0008,-0.004
20030416,-0.01105,,-0.0111,0.0052,0.0013
20030417,0.01525,,0.0152,0.0004,-0.0001
20030421,-0.0010500000000000002,,-0.0011,0.0035,0.0012
20030422,0.02075,,0.0207,-0.0091,0.0022
20030423,0.00895,,0.0089,-0.0026,0.0033
20030424,-0.00805,,-0.0081,0.0058,-0.0023
20030425,-0.012950000000000001,,-0.013000000000000001,0.0066,-0.001
20030428,0.017650000000000002,,0.0176,-0.0006,-0.0012
20030429,0.00345,,0.0034,-0.0024,-0.0025
20030430,0.00035,,0.0003,0.0076,0.0028
20030501,-0.00026,,-0.0003,0.0043,-0.0026
20030502,0.015639999999999998,,0.0156,0.0055,-0.0044
20030505,-0.0018599999999999999,,-0.0019,0.0083,-0.0037
20030506,0.00804,,0.008,-0.0016,0.0007
20030507,-0.00456,,-0.0046,-0.0005,0.0058
20030508,-0.00986,,-0.0099,0.0048,0.0011
20030509,0.01394,,0.0139,0.0013,-0.0019
20030512,0.01254,,0.0125,-0.0012,-0.001
20030513,-0.00226,,-0.0023,0.0046,0.0029
20030514,-0.00226,,-0.0023,0.0029,0.0002
20030515,0.00744,,0.0074,-0.001,-0.0014
20030516,-0.00306,,-0.0031,-0.0159,0.0101
20030519,-0.02296,,-0.023,0.0083,0.0009
20030520,-0.0011599999999999998,,-0.0012,0.0011,-0.001
20030521,0.0041400000000000005,,0.0041,-0.0024,0.0028
20030522,0.00964,,0.0096,-0.0018,-0.0007
20030523,0.00264,,0.0026,0.0028,0.004
20030527,0.01954,,0.0195,0.0048,-0.01
20030528,0.0022400000000000002,,0.0022,0.0072,-0.0037
20030529,-0.0025599999999999998,,-0.0026,0.0103,0.001
20030530,0.01534,,0.0153,0.0024,0.0007
20030602,0.0039499999999999995,,0.0039,-0.0039,0.0076
20030603,0.0039499999999999995,,0.0039,0.0013,-0.0059
20030604,0.01565,,0.0156,0.0015,-0.0002
20030605,0.005549999999999999,,0.0055,0.009000000000000001,-0.0074
20030606,-0.00325,,-0.0033,-0.0018,-0.0032
20030609,-0.01305,,-0.0131,-0.0023,0.0013
20030610,0.00955,,0.0095,0.0039,0.001
20030611,0.01295,,0.0129,-0.0047,0.0039
20030612,0.0018499999999999999,,0.0018,0.0005,0.0034
20030613,-0.010150000000000001,,-0.0102,-0.0019,0.001
20030616,0.02155,,0.0215,-0.0041,-0.0051
20030617,0.0013499999999999999,,0.0013,0.0022,-0.0011
20030618,-0.0014500000000000001,,-0.0015,0.0032,-0.0023
20030619,-0.01485,,-0.0149,0.0003,0.0071
20030620,0.00055,,0.0005,-0.0019,0.001
20030623,-0.01515,,-0.0152,-0.006,0.0022
20030624,0.00195,,0.0019,0.0007,0.0013
20030625,-0.00595,,-0.006,0.0107,-0.0007
20030626,0.01125,,0.0112,0.0042,-0.0052
20030627,-0.00835,,-0.0084,0.006,0.0022
20030630,-0.00165,,-0.0017,-0.0012,0.0042
20030701,0.00733,,0.0073,-0.0036,-0.0012
20030702,0.012830000000000001,,0.0128,0.0106,0.0006
20030703,-0.00717,,-0.0072,0.0026,-0.0007
20030707,0.019129999999999998,,0.0191,-0.0009,0.0027
20030708,0.00513,,0.0051,0.0131,-0.0003
20030709,-0.0033699999999999997,,-0.0034,0.0103,0.0027
20030710,-0.013269999999999999,,-0.0133,-0.0007,-0.0023
20030711,0.00923,,0.0092,0.0008,-0.0006
20030714,0.00733,,0.0073,0.0019,0.0014
20030715,-0.004070000000000001,,-0.0041,0.0007,-0.0005
20030716,-0.006370000000000001,,-0.0064,0.0025,-0.0026
20030717,-0.01447,,-0.0145,-0.0129,-0.0042
20030718,0.010830000000000001,,0.0108,-0.0014,0.0004
20030721,-0.01417,,-0.0142,0.0004,-0.0037
20030722,0.00973,,0.0097,0.0033,0.0034
20030723,0.00183,,0.0018,0.0063,-0.0098
20030724,-0.00647,,-0.0065,0.0033,0.004
20030725,0.015130000000000001,,0.0151,-0.0064,-0.0025
20030728,-0.00017,,-0.0002,0.0098,0.0038
20030729,-0.0056700000000000006,,-0.0057,0.0054,-0.0001
20030730,-0.0017699999999999999,,-0.0018,0.0026,-0.0062
20030731,0.0032300000000000002,,0.0032,0.0026,0.004
20030801,-0.01057,,-0.0106,-0.0049,-0.0006
20030804,0.0011300000000000001,,0.0011,-0.0066,-0.003
20030805,-0.017070000000000002,,-0.0171,0.0037,0.0001
20030806,0.00023,,0.0002,-0.0106,0.0044
20030807,0.00573,,0.0057,-0.0055,-0.0053
20030808,0.00333,,0.0033,-0.0043,0.0018
20030811,0.00433,,0.0043,0.0074,-0.0001
20030812,0.01093,,0.0109,0.005,0.0005
20030813,-0.0049700000000000005,,-0.005,0.0069,0.0008
20030814,0.006229999999999999,,0.0062,0.0012,0.0042
20030815,0.00103,,0.001,0.0018,-0.0014
20030818,0.01033,,0.0103,0.0089,0.0014
20030819,0.00433,,0.0043,0.0096,0.0059
20030820,-0.00137,,-0.0014,0.0032,0.0005
20030821,0.00473,,0.0047,0.0065,0.0045
20030822,-0.01057,,-0.0106,-0.0057,0.0013
20030825,-0.00037,,-0.0004,-0.0008,-0.0032
20030826,0.00293,,0.0029,0.0018,0.002
20030827,0.00173,,0.0017,0.0085,0.001
20030828,0.007029999999999999,,0.006999999999999999,0.0025,0.0021
20030829,0.00533,,0.0053,-0.0031,0.0034
20030902,0.014039999999999999,,0.013999999999999999,0.0049,0.0003
20030903,0.00424,,0.0042,0.003,0.0013
20030904,0.0022400000000000002,,0.0022,0.0046,-0.0017
20030905,-0.00616,,-0.0062,-0.0003,0.0022
20030908,0.01074,,0.0107,0.0063,-0.0012
20030909,-0.00786,,-0.0079,0.0035,-0.002
20030910,-0.01366,,-0.0137,-0.0067,-0.0063
20030911,0.00624,,0.0062,0.0066,0.0004
20030912,0.00234,,0.0023,0.0015,0.0015
20030915,-0.00346,,-0.0035,0.0024,-0.0007
20030916,0.014039999999999999,,0.013999999999999999,0.001,0.0007
20030917,-0.0025599999999999998,,-0.0026,0.0018,0.0017
20030918,0.01254,,0.0125,-0.0056,0.0025
20030919,-0.00226,,-0.0023,0.005,0.0002
20030922,-0.012960000000000001,,-0.013000000000000001,0.0017,0.0014
20030923,0.00654,,0.0065,0.0057,-0.0008
20030924,-0.018760000000000002,,-0.0188,-0.0021,0.0007
20030925,-0.00806,,-0.0081,-0.0166,-0.0022
20030926,-0.00836,,-0.0084,-0.0127,0.0002
20030929,0.00984,,0.0098,0.0054,0.0004
20030930,-0.009559999999999999,,-0.0096,-0.0005,0.0015
20031001,0.02163,,0.0216,0.0039,0.0009
20031002,0.00313,,0.0031,0.0015,0.0009
20031003,0.010230000000000001,,0.0102,0.0069,0.0
20031006,0.0049299999999999995,,0.0049,0.0037,0.0038
20031007,0.00513,,0.0051,0.0035,0.0011
20031008,-0.00477,,-0.0048,-0.0029,0.002
20031009,0.005529999999999999,,0.0055,0.0028,0.0039
20031010,-0.0007700000000000001,,-0.0008,-0.0039,0.0043
20031013,0.00813,,0.0081,0.0078,0.0009
20031014,0.00443,,0.0044,0.0048,0.0016
20031015,-0.00357,,-0.0036,-0.0027,-0.0004
20031016,0.00353,,0.0035,0.0012,0.0005
20031017,-0.01107,,-0.0111,-0.005,0.0007
20031020,0.00413,,0.0041,-0.0013,-0.0026
20031021,0.00243,,0.0024,0.0068,-0.003
20031022,-0.01517,,-0.0152,-0.0068,-0.0002
20031023,0.00223,,0.0022,-0.0073,-0.0023
20031024,-0.00447,,-0.0045,-0.0044,-0.0003
20031027,0.00403,,0.004,0.0117,0.0031
20031028,0.01593,,0.0159,0.005,-0.0022
20031029,0.00283,,0.0028,0.0079,0.0034
20031030,-0.00107,,-0.0011,-0.0011,0.0027
20031031,0.00283,,0.0028,-0.0054,-0.0009
20031103,0.00934,,0.0093,0.0067,0.004
20031104,-0.0044599999999999996,,-0.0045,0.0078,0.0044
20031105,-0.00036,,-0.0004,0.0025,-0.0008
20031106,0.00584,,0.0058,0.0013,0.0012
20031107,-0.00326,,-0.0033,0.0036,0.0031
20031110,-0.00736,,-0.0074,-0.0102,-0.0003
20031111,-0.0020599999999999998,,-0.0021,-0.0057,-0.001
20031112,0.01334,,0.0133,0.0102,-0.0019
20031113,0.00033999999999999997,,0.0003,0.0019,-0.0022
20031114,-0.00826,,-0.0083,-0.0063,-0.0009
20031117,-0.00716,,-0.0072,-0.0067,-0.002
20031118,-0.00866,,-0.0087,0.0011,0.0009
20031119,0.00764,,0.0076,0.0006,-0.0003
20031120,-0.00766,,-0.0077,0.0012,0.0003
20031121,0.00214,,0.0021,0.0016,0.0061
20031124,0.01714,,0.0171,0.0076,0.0
20031125,0.00314,,0.0031,0.0025,0.0059
20031126,0.00404,,0.004,-0.0006,0.0042
20031128,0.0011400000000000002,,0.0011,0.0027,-0.0015
20031201,0.01114,,0.0111,0.0039,-0.0012
20031202,-0.00266,,-0.0027,0.0013,0.0013
20031203,-0.0033599999999999997,,-0.0034,-0.0121,0.0042
20031204,0.00264,,0.0026,-0.0043,-0.0026
20031205,-0.00786,,-0.0079,-0.0008,-0.0008
20031208,0.00654,,0.0065,-0.0018,0.0036
20031209,-0.00946,,-0.0095,-0.0062,0.0018
20031210,-0.0028599999999999997,,-0.0029,-0.0102,-0.0024
20031211,0.01344,,0.0134,0.0129,0.0021
20031212,0.00314,,0.0031,0.0054,0.003
20031215,-0.00726,,-0.0073,-0.013999999999999999,0.0015
20031216,0.00504,,0.005,-0.0034,0.0
20031217,0.0015400000000000001,,0.0015,-0.0007,-0.0012
20031218,0.01244,,0.0124,0.0029,0.0023
20031219,-0.00036,,-0.0004,-0.0014,0.0038
20031222,0.00364,,0.0036,-0.0009,0.0046
20031223,0.00364,,0.0036,0.006999999999999999,-0.0006
20031224,-0.0017599999999999998,,-0.0018,-0.0023,0.0013
20031226,0.00194,,0.0019,0.0034,0.0006
20031229,0.01294,,0.0129,0.0039,-0.0003
20031230,0.00054,,0.0005,0.0024,0.0015
20031231,0.00014000000000000001,,0.0001,-0.0139,0.0003
20040102,-0.0016699999999999998,,-0.0017,0.0082,0.0044
20040105,0.01203,,0.012,0.0043,0.0003
20040106,0.00203,,0.002,0.0011,0.002
20040107,0.00343,,0.0034,0.0051,-0.0007
20040108,0.004529999999999999,,0.0045,0.0035,0.0066
20040109,-0.00717,,-0.0072,0.0004,0.0022
20040112,0.00573,,0.0057,0.0091,0.0006
20040113,-0.005070000000000001,,-0.0051,0.0019,0.0009
20040114,0.00803,,0.008,-0.0007,0.0039
20040115,0.0015300000000000001,,0.0015,0.0004,-0.0028
20040116,0.0072299999999999994,,0.0072,0.0011,0.0056
20040120,0.0015300000000000001,,0.0015,0.0119,0.0058
20040121,0.00643,,0.0064,-0.0112,0.0042
20040122,-0.00317,,-0.0032,-0.0062,0.0006
20040123,-0.00137,,-0.0014,0.0091,-0.0028
20040126,0.01123,,0.0112,-0.001,-0.0033
20040127,-0.009569999999999999,,-0.0096,-0.0005,0.0003
20040128,-0.014369999999999999,,-0.0144,-0.0034,-0.0044
20040129,0.00253,,0.0025,-0.0096,-0.0084
20040130,-0.00147,,-0.0015,0.003,0.0038
20040202,0.0027300000000000002,,0.0027,-0.0031,-0.0027
20040203,2.9999999999999997e-05,,0.0,-0.0015,-0.0017
20040204,-0.00967,,-0.0097,-0.0157,-0.0053
20040205,0.00233,,0.0023,0.0044,0.0024
20040206,0.01393,,0.0139,0.0108,0.0038
20040209,-0.00097,,-0.001,0.0037,0.0022
20040210,0.00563,,0.0056,0.0058,0.0013
20040211,0.01043,,0.0104,-0.0039,0.0018
20040212,-0.00457,,-0.0046,-0.0014,-0.0016
20040213,-0.0056700000000000006,,-0.0057,-0.0071,-0.0017
20040217,0.00983,,0.0098,0.0034,0.0054
20040218,-0.0038699999999999997,,-0.0039,-0.0008,0.0004
20040219,-0.005370000000000001,,-0.0054,-0.0102,-0.0007
20040220,-0.00297,,-0.003,-0.0009,-0.0036
20040223,-0.005070000000000001,,-0.0051,-0.0122,-0.0014
20040224,-0.00137,,-0.0014,0.0033,-0.0028
20040225,0.00543,,0.0054,0.0053,0.0017
20040226,0.00293,,0.0029,0.0048,0.0036
20040227,0.0011300000000000001,,0.0011,0.0019,0.0036
20040301,0.01024,,0.0102,0.0052,0.0026
20040302,-0.00586,,-0.0059,-0.0012,0.002
20040303,0.00144,,0.0014,-0.002,-0.0021
20040304,0.00444,,0.0044,0.008,0.0021
20040305,0.00244,,0.0024,-0.001,-0.002
20040308,-0.00836,,-0.0084,-0.0036,0.0022
20040309,-0.00656,,-0.0066,-0.0043,-0.0034
20040310,-0.01496,,-0.015,-0.0028,-0.0046
20040311,-0.01416,,-0.0142,0.0035,-0.0013
20040312,0.01344,,0.0134,0.0102,0.0022
20040315,-0.01556,,-0.0156,-0.0109,-0.0025
20040316,0.00434,,0.0043,-0.0062,-0.001
20040317,0.012240000000000001,,0.0122,0.0071,0.0047
20040318,-0.00196,,-0.002,-0.0052,0.0013
20040319,-0.00996,,-0.01,0.0033,0.0025
20040322,-0.01416,,-0.0142,-0.0067,-0.0021
20040323,-0.00086,,-0.0009,0.0037,0.0003
20040324,-0.00266,,-0.0027,-0.0007,-0.0013
20040325,0.016839999999999997,,0.0168,0.0078,-0.0026
20040326,4e-05,,0.0,0.0034,0.0039
20040329,0.01344,,0.0134,0.0057,-0.0022
20040330,0.00474,,0.0047,0.0043,0.0024
20040331,4e-05,,0.0,0.0013,0.0017
20040401,0.00644,,0.0064,0.0026,0.0
20040402,0.009040000000000001,,0.009000000000000001,0.0083,0.0009
20040405,0.007940000000000001,,0.0079,0.0011,-0.0029
20040406,-0.00276,,-0.0028,-0.0077,0.0022
20040407,-0.00496,,-0.005,0.0093,-0.0018
20040408,-0.0013599999999999999,,-0.0014,-0.003,0.0013
20040412,0.00504,,0.005,0.0024,-0.0029
20040413,-0.01496,,-0.015,-0.0058,-0.004
20040414,-0.0020599999999999998,,-0.0021,-0.003,-0.0044
20040415,-0.00036,,-0.0004,-0.0026,-0.0037
20040416,0.00464,,0.0046,-0.0009,0.0015
20040419,0.0022400000000000002,,0.0022,0.0052,-0.0033
20040420,-0.01476,,-0.0148,-0.0028,0.0013
20040421,0.00604,,0.006,0.0048,0.0009
20040422,0.01444,,0.0144,0.0007,0.0003
20040423,-6e-05,,-0.0001,-0.0026,-0.0006
20040426,-0.00326,,-0.0033,-0.0006,-0.0027
20040427,0.00134,,0.0013,-0.001,-0.0007
20040428,-0.01456,,-0.0146,-0.0092,-0.0014
20040429,-0.00856,,-0.0086,-0.0083,-0.0066
20040430,-0.00656,,-0.0066,-0.0083,-0.0002
20040503,0.008530000000000001,,0.0085,0.0002,-0.0036
20040504,0.00213,,0.0021,0.0044,0.0017
20040505,0.0027300000000000002,,0.0027,-0.001,-0.0025
20040506,-0.00797,,-0.008,-0.0041,-0.0023
20040507,-0.01477,,-0.0148,-0.0063,-0.0053
20040510,-0.01287,,-0.0129,-0.0053,-0.005
20040511,0.00953,,0.0095,0.0087,0.0017
20040512,0.00123,,0.0012,-0.0025,-0.0003
20040513,-0.0007700000000000001,,-0.0008,-0.0026,0.0002
20040514,-0.0016699999999999998,,-0.0017,-0.0064,-0.0004
20040517,-0.011269999999999999,,-0.0113,-0.0042,-0.0036
20040518,0.00763,,0.0076,0.0036,0.0037
20040519,-0.00187,,-0.0019,0.0004,0.0048
20040520,0.00023,,0.0002,-0.0014,0.001
20040521,0.00443,,0.0044,0.0044,-0.0001
20040524,0.00293,,0.0029,0.0069,0.0058
20040525,0.01663,,0.0166,0.0057,0.0006
20040526,0.00293,,0.0029,0.0013,0.0001
20040527,0.00513,,0.0051,-0.003,-0.0009
20040528,0.00023,,0.0002,-0.0002,0.001
20040601,0.00144,,0.0014,0.0066,-0.0004
20040602,0.00314,,0.0031,-0.0025,-0.0017
20040603,-0.008960000000000001,,-0.009000000000000001,-0.0097,-0.0008
20040604,0.00574,,0.0057,0.0037,0.0006
20040607,0.015739999999999997,,0.0157,0.0018,0.0035
20040608,0.00084,,0.0008,-0.0018,-0.0006
20040609,-0.01036,,-0.0104,-0.0052,0.0002
20040610,0.00364,,0.0036,-0.0031,0.0037
20040614,-0.01046,,-0.0105,-0.0056,-0.0054
20040615,0.0071400000000000005,,0.0071,0.0102,0.0021
20040616,0.00144,,0.0014,0.0019,0.0005
20040617,-0.0013599999999999999,,-0.0014,-0.0001,0.0012
20040618,0.00194,,0.0019,-0.002,0.0023
20040621,-0.00416,,-0.0042,0.001,0.0015
20040622,0.00384,,0.0038,0.0023,0.0006
20040623,0.009040000000000001,,0.009000000000000001,0.0054,0.0021
20040624,-0.00226,,-0.0023,0.0003,0.0017
20040625,-0.00226,,-0.0023,0.0125,0.0009
20040628,-0.00246,,-0.0025,-0.0005,-0.0017
20040629,0.00314,,0.0031,0.0059,-0.0002
20040630,0.00484,,0.0048,0.0011,0.003
20040701,-0.01055,,-0.0106,-0.005,0.0055
20040702,-0.00275,,-0.0028,0.0019,0.0037
20040706,-0.00935,,-0.0094,-0.0089,0.0103
20040707,0.00155,,0.0015,-0.0033,0.0025
20040708,-0.00955,,-0.0096,-0.0094,0.0026
20040709,0.00315,,0.0031,0.0016,-0.0012
20040712,0.00045000000000000004,,0.0004,-0.0047,0.0039
20040713,0.00095,,0.0009,0.0005,0.0014
20040714,-0.00325,,-0.0033,-0.0033,0.005
20040715,-0.00315,,-0.0032,0.0064,0.0006
20040716,-0.00555,,-0.0056,-0.0073,0.0066
20040719,-0.00115,,-0.0012,-0.0025,0.0059
20040720,0.00835,,0.0083,0.0091,-0.008
20040721,-0.01485,,-0.0149,-0.0121,0.0074
20040722,0.00145,,0.0014,-0.0046,-0.0054
20040723,-0.01025,,-0.0103,-0.0045,0.0083
20040726,-0.0038499999999999997,,-0.0039,-0.0071,0.0024
20040727,0.01105,,0.011000000000000001,0.0099,-0.0048
20040728,-0.00085,,-0.0009,-0.0064,0.0036
20040729,0.00665,,0.0066,0.0092,-0.0047
20040730,0.00145,,0.0014,0.0021,-0.0032
20040802,0.00365,,0.0036,-0.0044,0.0027
20040803,-0.00745,,-0.0075,-0.0087,0.008
20040804,-0.0019500000000000001,,-0.002,0.0004,0.0001
20040805,-0.016249999999999997,,-0.0163,-0.002,0.0046
20040806,-0.01585,,-0.0159,-0.009000000000000001,0.0073
20040809,0.00025,,0.0002,-0.0037,0.0002
20040810,0.013949999999999999,,0.0139,0.0076,-0.0036
20040811,-0.0028499999999999997,,-0.0029,-0.0039,0.0012
20040812,-0.01175,,-0.0118,-0.0051,0.0027
20040813,0.00105,,0.001,-0.0004,0.0005
20040816,0.014049999999999998,,0.013999999999999999,0.0038,0.0003
20040817,0.00305,,0.003,0.0012,-0.006
20040818,0.01345,,0.0134,0.0076,-0.0077
20040819,-0.00375,,-0.0038,-0.0026,0.0023
20040820,0.00795,,0.0079,0.009000000000000001,-0.0029
20040823,-0.00315,,-0.0032,-0.0037,-0.003
20040824,0.00035,,0.0003,0.0016,0.0014
20040825,0.00845,,0.0084,0.0014,-0.005
20040826,-0.00045,,-0.0005,-0.0049,0.0038
20040827,0.00335,,0.0033,0.0049,-0.0022
20040830,-0.00855,,-0.0086,-0.0045,0.0037
20040831,0.004849999999999999,,0.0048,0.0004,0.0014
20040901,0.00305,,0.003,0.0056,-0.004
20040902,0.01095,,0.0109,0.0026,-0.0016
20040903,-0.00445,,-0.0045,-0.0025,0.0042
20040907,0.00735,,0.0073,0.0032,0.0003
20040908,-0.00475,,-0.0048,-0.0034,0.0001
20040909,0.00345,,0.0034,0.0122,-0.0037
20040910,0.00535,,0.0053,0.0016,-0.0064
20040913,0.00305,,0.003,0.0041,-0.0048
20040914,0.00195,,0.0019,-0.0045,-0.0018
20040915,-0.0066500000000000005,,-0.0067,0.0017,0.0034
20040916,0.00365,,0.0036,0.0044,0.0034
20040917,0.00355,,0.0035,-0.0054,-0.0001
20040920,-0.005050000000000001,,-0.0051,0.0019,0.0007
20040921,0.00665,,0.0066,0.0036,-0.0008
20040922,-0.01365,,-0.0137,-0.0047,0.0055
20040923,-0.00365,,-0.0037,0.0039,-0.0008
20040924,0.00145,,0.0014,-0.002,0.0036
20040927,-0.007050000000000001,,-0.0071,-0.0063,0.0036
20040928,0.00635,,0.0063,0.0065,-0.0023
20040929,0.00505,,0.005,0.0066,-0.0066
20040930,0.00065,,0.0006,0.001,0.0052
20041001,0.01485,,0.0148,0.0057,-0.0014
20041004,0.00385,,0.0038,0.0036,-0.0017
20041005,-0.0010500000000000002,,-0.0011,-0.0018,0.0009
20041006,0.00695,,0.0069,0.0012,0.0015
20041007,-0.010450000000000001,,-0.0105,-0.0061,0.003
20041008,-0.00795,,-0.008,-0.0049,0.0062
20041011,0.00235,,0.0023,0.0019,-0.0045
20041012,-0.00225,,-0.0023,-0.0005,0.0028
20041013,-0.00745,,-0.0075,-0.0036,-0.0036
20041014,-0.00915,,-0.0092,0.0009,-0.0034
20041015,0.004549999999999999,,0.0045,0.0027,0.0005
20041018,0.00515,,0.0051,0.0002,-0.0079
20041019,-0.00915,,-0.0092,0.0014,-0.0052
20041020,0.00115,,0.0011,0.0049,-0.0014
20041021,0.0037500000000000003,,0.0037,0.0077,-0.0005
20041022,-0.00995,,-0.01,-0.0059,0.0064
20041025,-0.00024999999999999995,,-0.0003,0.0066,0.005
20041026,0.013649999999999999,,0.0136,-0.0059,0.0066
20041027,0.013949999999999999,,0.0139,0.0038,-0.0113
20041028,0.0013499999999999999,,0.0013,-0.0034,-0.0006
20041029,0.0018499999999999999,,0.0018,-0.0053,0.0025
20041101,0.0006699999999999999,,0.0006,0.0037,0.0005
20041102,-3.000000000000001e-05,,-0.0001,-0.0016,-0.0001
20041103,0.011770000000000001,,0.0117,0.0046,-0.0006
20041104,0.015170000000000001,,0.0151,-0.0065,0.0028
20041105,0.00447,,0.0044,0.0028,-0.0032
20041108,-0.00123,,-0.0013,-0.0025,0.0004
20041109,0.00057,,0.0005,0.0069,-0.0001
20041110,-3.000000000000001e-05,,-0.0001,0.0047,0.0028
20041111,0.009070000000000002,,0.009000000000000001,0.001,-0.0021
20041112,0.00867,,0.0086,-0.0002,-0.001
20041115,0.00077,,0.0007,0.0034,-0.0026
20041116,-0.00653,,-0.0066,-0.0018,0.003
20041117,0.00647,,0.0064,0.0032,-0.0011
20041118,0.00057,,0.0005,-0.0019,0.0005
20041119,-0.01103,,-0.0111,-0.0017,0.0074
20041122,0.00607,,0.006,0.0047,0.0036
20041123,0.0006699999999999999,,0.0006,0.003,0.0035
20041124,0.00477,,0.0047,0.0031,0.0013
20041126,0.0012699999999999999,,0.0012,0.0017,0.0029
20041129,-0.0020299999999999997,,-0.0021,0.0086,-0.0015
20041130,-0.00363,,-0.0037,0.0017,0.0011
20041201,0.014870000000000001,,0.0148,0.0005,-0.0075
20041202,-0.00063,,-0.0007,0.0012,-0.0056
20041203,0.00047000000000000004,,0.0004,-0.0016,0.0011
20041206,-0.00123,,-0.0013,-0.004,-0.0007
20041207,-0.011529999999999999,,-0.0116,-0.009000000000000001,0.0035
20041208,0.00467,,0.0046,0.0043,-0.0041
20041209,0.00447,,0.0044,-0.0074,0.0014
20041210,-3.000000000000001e-05,,-0.0001,0.0046,0.0019
20041213,0.00867,,0.0086,-0.0002,-0.0006
20041214,0.004569999999999999,,0.0045,0.0052,-0.0019
20041215,0.00337,,0.0033,0.0039,0.0046
20041216,-0.00273,,-0.0028,-0.0043,0.0035
20041217,-0.00543,,-0.0055,0.0049,0.0046
20041220,-0.00123,,-0.0013,-0.0059,0.0039
20041221,0.00927,,0.0092,0.0026,-0.0004
20041222,0.00397,,0.0039,0.0004,-0.0015
20041223,0.0009699999999999999,,0.0009,0.0022,-0.0021
20041227,-0.00443,,-0.0045,-0.0021,0.0002
20041228,0.00837,,0.0083,0.0077,-0.0015
20041229,0.00017,,0.0001,-0.0005,-0.0003
20041230,0.00047000000000000004,,0.0004,-0.0003,-0.0011
20041231,-0.00133,,-0.0014,-0.0001,0.002
20050103,-0.00962,,-0.0097,-0.0062,-0.0004
20050104,-0.012920000000000001,,-0.013000000000000001,-0.0059,0.0042
20050105,-0.00502,,-0.0051,-0.0111,0.0001
20050106,0.00348,,0.0034,-0.0014,0.0014
20050107,-0.00212,,-0.0022,-0.0076,-0.0002
20050110,0.00428,,0.0042,0.0028,0.0005
20050111,-0.006719999999999999,,-0.0068,-0.0035,0.003
20050112,0.00388,,0.0038,-0.0005,-0.0016
20050113,-0.00762,,-0.0077,0.0013,0.0038
20050114,0.00668,,0.0066,0.0055,0.0007
20050118,0.00978,,0.0097,0.0017,-0.0017
20050119,-0.00962,,-0.0097,-0.0014,0.0049
20050120,-0.00762,,-0.0077,-0.0012,-0.0006
20050121,-0.00552,,-0.0056,0.003,0.0025
20050124,-0.00482,,-0.0049,-0.0079,0.0061
20050125,0.00348,,0.0034,0.0019,-0.0037
20050126,0.00628,,0.0062,0.0095,-0.0021
20050127,0.00088,,0.0008,0.0017,0.0003
20050128,-0.00292,,-0.003,-0.0026,0.0018
20050131,0.00978,,0.0097,0.0078,0.0016
20050201,0.00699,,0.0069,-0.0009,0.0019
20050202,0.0036899999999999997,,0.0036,0.0024,0.0016
20050203,-0.0026100000000000003,,-0.0027,-0.0016,0.0039
20050204,0.01129,,0.0112,0.0013,-0.0054
20050207,-0.00101,,-0.0011,0.0013,-0.0003
20050208,0.0008900000000000001,,0.0008,0.0024,-0.0016
20050209,-0.00991,,-0.01,-0.0118,0.0072
20050210,0.00359,,0.0035,-0.0034,0.0006
20050211,0.00779,,0.0077,0.0044,-0.0031
20050214,0.00099,,0.0009,-0.0001,0.0014
20050215,0.0028899999999999998,,0.0028,-0.0036,-0.0001
20050216,0.00079,,0.0007,0.0042,0.004
20050217,-0.007810000000000001,,-0.0079,-0.0029,0.0021
20050218,0.00019,,0.0001,-0.0008,-0.0004
20050222,-0.01461,,-0.0147,-0.0032,-0.0012
20050223,0.00539,,0.0053,-0.0013,0.0024
20050224,0.00839,,0.0083,0.0024,-0.0024
20050225,0.00979,,0.0097,0.0038,0.0038
20050228,-0.006010000000000001,,-0.0061,0.0027,0.0004
20050301,0.0059,,0.0058,0.0011,0.0002
20050302,0.0,,-0.0001,-0.0017,0.0004
20050303,0.0,,-0.0001,0.0008,0.0054
20050304,0.009,,0.0089,-0.0002,0.0032
20050307,0.0028,,0.0027,-0.0038,0.0
20050308,-0.0053,,-0.0054,-0.0041,-0.0007
20050309,-0.0095,,-0.0096,0.0005,-0.0007
20050310,0.0002,,0.0001,-0.0083,-0.0022
20050311,-0.005399999999999999,,-0.0055,0.0056,0.0052
20050314,0.006200000000000001,,0.0061,-0.0023,0.0011
20050315,-0.0066,,-0.0067,0.0019,0.0027
20050316,-0.0083,,-0.0084,0.0021,0.0011
20050317,0.002,,0.0019,0.0005,0.0051
20050318,-0.0012,,-0.0013,-0.0032,-0.0004
20050321,-0.0037,,-0.0038,0.0037,-0.002
20050322,-0.0091,,-0.0092,0.0069,-0.0012
20050323,-0.0010999999999999998,,-0.0012,-0.009000000000000001,-0.0051
20050324,0.0002,,0.0001,0.0045,-0.0008
20050328,0.0016,,0.0015,-0.0023,-0.0003
20050329,-0.0085,,-0.0086,-0.0083,0.0006
20050330,0.0136,,0.0135,0.0012,-0.0022
20050331,0.0001,,0.0,-0.0005,0.0064
20050401,-0.0063,,-0.0064,0.0001,0.0043
20050404,0.0029999999999999996,,0.0029,0.0,0.0019
20050405,0.0041,,0.004,-0.0015,-0.0024
20050406,0.0023,,0.0022,-0.0011,0.0004
20050407,0.0058000000000000005,,0.0057,0.0001,-0.0017
20050408,-0.008700000000000001,,-0.0088,-0.0045,0.0004
20050411,-0.0007999999999999999,,-0.0009,-0.0065,0.0002
20050412,0.0057,,0.0056,0.0024,-0.0009
20050413,-0.012100000000000001,,-0.0122,-0.0034,-0.0017
20050414,-0.010900000000000002,,-0.011000000000000001,-0.0056,-0.0026
20050415,-0.0158,,-0.0159,-0.0013,-0.0037
20050418,0.0029999999999999996,,0.0029,0.0032,0.0023
20050419,0.0076,,0.0075,0.0082,0.0012
20050420,-0.0134,,-0.0135,-0.0023,0.0006
20050421,0.0188,,0.0187,0.0033,-0.0056
20050422,-0.0082,,-0.0083,-0.0084,0.0043
20050425,0.009399999999999999,,0.0093,0.0006,0.0
20050426,-0.008700000000000001,,-0.0088,-0.0052,-0.0013
20050427,0.0031,,0.003,-0.0054,-0.0025
20050428,-0.0119,,-0.012,-0.0099,0.0036
20050429,0.010499999999999999,,0.0104,-0.004,-0.0004
20050502,0.00531,,0.0052,0.0048,0.0006
20050503,-0.00029,,-0.0004,-0.0001,-0.0031
20050504,0.012910000000000001,,0.0128,0.0028,0.004
20050505,-0.00179,,-0.0019,0.0029,-0.0039
20050506,-0.00018999999999999996,,-0.0003,0.0033,0.0016
20050509,0.00621,,0.0061,0.003,-0.0004
20050510,-0.01019,,-0.0103,-0.0015,-0.0001
20050511,0.00401,,0.0039,-0.0041,-0.0013
20050512,-0.01009,,-0.0102,-0.0018,-0.0074
20050513,-0.00489,,-0.005,-0.0007,-0.0066
20050516,0.01041,,0.0103,0.005,-0.0017
20050517,0.00671,,0.0066,-0.0024,0.0029
20050518,0.01161,,0.0115,0.0096,-0.0025
20050519,0.00481,,0.0047,-0.001,-0.0008
20050520,-0.0011899999999999999,,-0.0013,-0.0004,0.0026
20050523,0.00441,,0.0043,0.002,-0.0002
20050524,0.00061,,0.0005,0.0001,0.0
20050525,-0.00429,,-0.0044,-0.0058,0.0019
20050526,0.00751,,0.0074,0.0066,0.0009
20050527,0.00191,,0.0018,0.001,0.0032
20050531,-0.00479,,-0.0049,0.0047,0.0028
20050601,0.0091,,0.009000000000000001,0.0018,0.0
20050602,0.0024999999999999996,,0.0024,0.0013,-0.0023
20050603,-0.0066,,-0.0067,-0.0021,0.0048
20050606,0.0015,,0.0014,0.0032,0.0012
20050607,-0.00019999999999999998,,-0.0003,0.0014,0.001
20050608,-0.0027,,-0.0028,-0.0038,0.0036
20050609,0.0059,,0.0058,0.0032,-0.0011
20050610,-0.002,,-0.0021,0.0011,0.0054
20050613,0.0029,,0.0028,0.0013,0.0018
20050614,0.0031999999999999997,,0.0031,0.0049,0.0039
20050615,0.0023,,0.0022,0.0022,0.0021
20050616,0.0047,,0.0046,0.0064,-0.0027
20050617,0.0036999999999999997,,0.0036,-0.0059,0.0019
20050620,-0.0006,,-0.0007,-0.0033,0.0009
20050621,-0.0017,,-0.0018,0.001,-0.0005
20050622,0.0006000000000000001,,0.0005,0.0028,-0.0007
20050623,-0.0106,,-0.0107,-0.0043,0.0015
20050624,-0.0070999999999999995,,-0.0072,-0.0004,0.0011
20050627,-0.0006,,-0.0007,-0.0012,0.0055
20050628,0.0106,,0.0105,0.0109,-0.005
20050629,-0.0006,,-0.0007,0.0031,0.0012
20050630,-0.0062,,-0.0063,0.002,0.0027
20050701,0.00332,,0.0032,0.0011,0.0031
20050705,0.00932,,0.0092,0.0057,-0.0019
20050706,-0.00718,,-0.0073,0.0007,0.0006
20050707,0.0027199999999999998,,0.0026,-0.0011,-0.0024
20050708,0.01222,,0.0121,0.0078,-0.0054
20050711,0.00702,,0.0069,0.0078,-0.0014
20050712,0.00212,,0.002,-0.0028,-0.0004
20050713,0.00031999999999999997,,0.0002,-0.0041,0.0007
20050714,0.00152,,0.0014,-0.0066,-0.0044
20050715,0.00132,,0.0012,-0.0003,-0.0003
20050718,-0.005379999999999999,,-0.0055,-0.0016,0.001
20050719,0.00762,,0.0075,0.0091,-0.0011
20050720,0.005520000000000001,,0.0054,0.0078,-0.0026
20050721,-0.00728,,-0.0074,-0.0061,0.0014
20050722,0.0058200000000000005,,0.0057,0.0095,0.0054
20050725,-0.00458,,-0.0047,-0.0052,0.0012
20050726,0.0022199999999999998,,0.0021,0.0028,0.0022
20050727,0.00442,,0.0043,-0.0037,-0.0004
20050728,0.0068200000000000005,,0.0067,0.0054,-0.0016
20050729,-0.00648,,-0.0066,0.0023,0.0011
20050801,0.00163,,0.0015,0.0027,-0.0012
20050802,0.007129999999999999,,0.006999999999999999,0.0005,0.0011
20050803,-7e-05,,-0.0002,-0.0066,-0.0005
20050804,-0.00807,,-0.0082,-0.0085,0.0034
20050805,-0.00797,,-0.0081,-0.0032,-0.0002
20050808,-0.0030700000000000002,,-0.0032,0.0001,0.0025
20050809,0.00563,,0.0055,-0.0048,-0.0007
20050810,-0.00117,,-0.0013,0.0002,0.0016
20050811,0.00723,,0.0071,0.0018,-0.0008
20050812,-0.00557,,-0.0057,-0.0039,0.0011
20050815,0.00313,,0.003,0.0047,-0.0013
20050816,-0.01207,,-0.0122,-0.0045,0.0017
20050817,0.00063,,0.0005,0.0001,-0.0006
20050818,-0.0013700000000000001,,-0.0015,-0.0043,0.0005
20050819,0.00083,,0.0007,0.0007,0.0017
20050822,0.00203,,0.0019,0.0049,0.0015
20050823,-0.00297,,-0.0031,-0.0002,0.0001
20050824,-0.00547,,-0.0056,0.0046,0.0012
20050825,0.0022299999999999998,,0.0021,0.0013,0.0021
20050826,-0.00647,,-0.0066,-0.0057,-0.001
20050829,0.00663,,0.0065,0.0039,-0.0021
20050830,-0.00297,,-0.0031,-0.0003,0.0033
20050831,0.011130000000000001,,0.011000000000000001,0.0072,-0.0006
20050901,0.0014399999999999999,,0.0013,-0.0003,0.0025
20050902,-0.00346,,-0.0036,-0.0031,-0.0001
20050906,0.01234,,0.0122,0.003,-0.0049
20050907,0.00314,,0.003,0.0007,-0.0015
20050908,-0.00386,,-0.004,-0.0012,-0.0006
20050909,0.00744,,0.0073,-0.001,0.0013
20050912,0.00014,,0.0,0.0055,-0.0033
20050913,-0.00746,,-0.0076,-0.0021,0.0013
20050914,-0.00426,,-0.0044,-0.0068,0.0042
20050915,-6.000000000000002e-05,,-0.0002,-0.0026,0.003
20050916,0.00734,,0.0072,0.0015,-0.0011
20050919,-0.005359999999999999,,-0.0055,-0.0016,0.0023
20050920,-0.007659999999999999,,-0.0078,-0.0012,0.0003
20050921,-0.01016,,-0.0103,-0.0048,0.003
20050922,0.00314,,0.003,-0.0006,-0.0023
20050923,0.00164,,0.0015,0.0052,0.0019
20050926,0.0013399999999999998,,0.0012,0.0053,0.0006
20050927,-6.000000000000002e-05,,-0.0002,-0.0007,-0.0008
20050928,0.00074,,0.0006,-0.0059,0.0028
20050929,0.00934,,0.0092,0.0021,0.0004
20050930,0.00214,,0.002,0.0032,-0.0017
20051003,0.00013000000000000002,,0.0,0.0047,0.0002
20051004,-0.00957,,-0.0097,0.0022,-0.0019
20051005,-0.016169999999999997,,-0.0163,-0.0102,-0.0025
20051006,-0.00557,,-0.0057,-0.0034,0.001
20051007,0.00433,,0.0042,0.0032,0.0026
20051010,-0.00717,,-0.0073,-0.0008,-0.0022
20051011,-0.00317,,-0.0033,-0.0097,0.0014
20051012,-0.007770000000000001,,-0.0079,-0.0054,0.001
20051013,-0.00077,,-0.0009,0.0045,-0.0055
20051014,0.00933,,0.0092,0.005,-0.001
20051017,0.0030299999999999997,,0.0029,-0.0033,0.0011
20051018,-0.01017,,-0.0103,-0.0001,-0.0013
20051019,0.01463,,0.0145,0.0046,-0.0018
20051020,-0.01427,,-0.0144,-0.0001,-0.0037
20051021,0.00333,,0.0032,0.0038,0.0024
20051024,0.017130000000000003,,0.017,0.0016,0.003
20051025,-0.00287,,-0.003,-0.0031,0.001
20051026,-0.00447,,-0.0046,-0.0023,0.0017
20051027,-0.01227,,-0.0124,-0.0104,0.0041
20051028,0.01563,,0.0155,-0.0003,0.0028
20051031,0.009729999999999999,,0.0096,0.008,0.0004
20051101,-0.00255,,-0.0027,-0.0024,0.0039
20051102,0.01165,,0.0115,0.0084,0.0001
20051103,0.00445,,0.0043,-0.0011,-0.0019
20051104,0.00025,,0.0001,0.0006,-0.0028
20051107,0.00265,,0.0025,0.0022,-0.0006
20051108,-0.00355,,-0.0037,-0.0034,-0.0004
20051109,0.00165,,0.0015,0.0025,-0.0001
20051110,0.008150000000000001,,0.008,-0.0007,-0.006
20051111,0.00285,,0.0027,-0.0003,-0.0013
20051114,-0.0008500000000000001,,-0.001,-0.0034,0.0005
20051115,-0.00475,,-0.0049,-0.0064,-0.0016
20051116,0.00125,,0.0011,-0.0035,0.0
20051117,0.010750000000000001,,0.0106,0.0068,-0.0008
20051118,0.00445,,0.0043,0.0027,-0.0017
20051121,0.00615,,0.006,0.0043,-0.0036
20051122,0.0049499999999999995,,0.0048,-0.0005,-0.0001
20051123,0.00325,,0.0031,-0.0027,0.0022
20051125,0.00195,,0.0018,-0.0011,-0.0008
20051128,-0.009949999999999999,,-0.0101,-0.0072,0.0021
20051129,0.00025,,0.0001,0.0028,0.0028
20051130,-0.00415,,-0.0043,0.0114,-0.0015
20051201,0.01285,,0.0127,0.0052,0.0013
20051202,0.00065,,0.0005,0.0005,-0.0015
20051205,-0.00285,,-0.003,-0.0023,0.0007
20051206,0.0013499999999999999,,0.0012,0.0007,0.0006
20051207,-0.00475,,-0.0049,-0.0007,0.0006
20051208,-0.00015,,-0.0003,0.0025,0.0007
20051209,0.00285,,0.0027,0.0022,0.0005
20051212,0.00115,,0.001,0.0012,-0.0006
20051213,0.00455,,0.0044,-0.0053,-0.0021
20051214,0.0035499999999999998,,0.0034,-0.0025,0.0008
20051215,-0.00215,,-0.0023,-0.0057,-0.0036
20051216,-0.00275,,-0.0029,0.0003,-0.0005
20051219,-0.00715,,-0.0073,-0.0081,0.0028
20051220,-5.000000000000002e-05,,-0.0002,-0.0001,0.0001
20051221,0.00345,,0.0033,0.0065,-0.0035
20051222,0.00465,,0.0045,0.0012,-0.0003
20051223,0.00095,,0.0008,0.0029,-0.0001
20051227,-0.00985,,-0.01,-0.0044,0.0016
20051228,0.00205,,0.0019,0.0039,0.0012
20051229,-0.00255,,-0.0027,-0.0002,0.002
20051230,-0.00485,,-0.005,-0.0022,0.0026
20060103,0.01517,,0.015,-0.0018,0.0014
20060104,0.00477,,0.0046,0.0034,0.0002
20060105,0.00046999999999999993,,0.0003,0.0028,-0.0015
20060106,0.00937,,0.0092,0.0009,-0.0023
20060109,0.00467,,0.0045,0.0052,-0.001
20060110,0.00067,,0.0005,0.0058,0.0002
20060111,0.00297,,0.0028,-0.0025,-0.0011
20060112,-0.00633,,-0.0065,0.0009,-0.0003
20060113,0.00187,,0.0017,0.0013,0.0006
20060117,-0.00383,,-0.004,-0.0032,0.0021
20060118,-0.00333,,-0.0035,0.0035,0.0029
20060119,0.00647,,0.0063,0.0093,-0.0008
20060120,-0.017830000000000002,,-0.018000000000000002,0.0039,0.0051
20060123,0.00197,,0.0018,0.0019,0.0042
20060124,0.00457,,0.0044,0.0103,0.0016
20060125,-0.00203,,-0.0022,-0.0003,-0.0011
20060126,0.00807,,0.0079,0.008,0.0004
20060127,0.00687,,0.0067,-0.0015,-0.0017
20060130,0.00117,,0.001,-0.0026,0.0021
20060131,-0.0019299999999999999,,-0.0021,0.0061,-0.0003
20060201,0.00158,,0.0014,0.0017,0.0005
20060202,-0.008620000000000001,,-0.0088,-0.0028,-0.0006
20060203,-0.004920000000000001,,-0.0051,0.0023,0.0
20060206,0.00118,,0.001,0.0025,0.005
20060207,-0.00902,,-0.0092,-0.0048,-0.0023
20060208,0.00788,,0.0077,-0.0025,-0.0009
20060209,-0.00172,,-0.0019,-0.0016,-0.0028
20060210,0.00168,,0.0015,-0.0035,-0.0004
20060213,-0.004520000000000001,,-0.0047,-0.0051,0.0014
20060214,0.01028,,0.0101,0.0026,-0.0011
20060215,0.00428,,0.0041,0.0041,-0.0047
20060216,0.007679999999999999,,0.0075,0.0005,0.0022
20060217,-0.00142,,-0.0016,-0.0005,0.0036
20060221,-0.00362,,-0.0038,-0.002,0.0014
20060222,0.00748,,0.0073,0.0001,-0.0003
20060223,-0.0027199999999999998,,-0.0029,0.0023,-0.0022
20060224,0.00208,,0.0019,0.0035,0.0016
20060227,0.00418,,0.004,0.0016,-0.0036
20060228,-0.010820000000000001,,-0.011000000000000001,-0.0021,0.0006
20060301,0.009160000000000001,,0.009000000000000001,0.0068,-0.0004
20060302,-0.00144,,-0.0016,-0.0007,0.0005
20060303,-0.00134,,-0.0015,-0.0002,0.0007
20060306,-0.007339999999999999,,-0.0075,-0.0021,-0.0014
20060307,-0.00384,,-0.004,-0.0107,0.0005
20060308,0.00156,,0.0014,-0.0005,0.0006
20060309,-0.00494,,-0.0051,-0.0001,0.0029
20060310,0.00706,,0.0069,0.0039,0.0003
20060313,0.0025599999999999998,,0.0024,-0.0003,0.001
20060314,0.01016,,0.01,0.0004,-0.0003
20060315,0.00496,,0.0048,0.0039,0.0014
20060316,0.00126,,0.0011,-0.0015,0.0029
20060317,0.00196,,0.0018,0.0011,-0.0033
20060320,-0.00054,,-0.0007,0.0017,-0.0032
20060321,-0.0067399999999999995,,-0.0069,-0.0052,-0.001
20060322,0.00636,,0.0062,0.0049,0.0012
20060323,-0.00164,,-0.0018,0.0054,-0.0001
20060324,0.00236,,0.0022,0.0066,0.002
20060327,-0.00054,,-0.0007,0.0015,0.0024
20060328,-0.00594,,-0.0061,0.0024,-0.0008
20060329,0.00886,,0.0087,0.0086,0.0013
20060330,-0.00144,,-0.0016,0.0016,-0.0016
20060331,-0.00214,,-0.0023,0.0069,-0.0005
20060403,0.00089,,0.0007,-0.0088,0.0069
20060404,0.00559,,0.0054,-0.0025,0.0014
20060405,0.00439,,0.0042,-0.0003,0.0026
20060406,-0.00131,,-0.0015,0.0018,0.0001
20060407,-0.010010000000000002,,-0.0102,-0.0012,-0.0017
20060410,-1.0000000000000026e-05,,-0.0002,-0.004,0.0005
20060411,-0.008110000000000001,,-0.0083,-0.0067,0.0002
20060412,0.00209,,0.0019,0.0058,-0.0002
20060413,0.00139,,0.0012,0.0038,-0.0014
20060417,-0.00261,,-0.0028,0.0001,0.0031
20060418,0.01729,,0.0171,0.0066,0.0008
20060419,0.00349,,0.0033,0.0086,0.0007
20060420,0.00029,,0.0001,-0.0049,0.0004
20060421,-0.0008100000000000001,,-0.001,-0.0019,0.003
20060424,-0.00281,,-0.003,-0.0041,0.0013
20060425,-0.00421,,-0.0044,0.0044,0.0
20060426,0.00219,,0.002,-0.001,0.0028
20060427,0.00259,,0.0024,-0.0094,-0.0001
20060428,0.00069,,0.0005,0.0014,0.0052
20060501,-0.0039000000000000003,,-0.0041,0.0001,0.0048
20060502,0.0056,,0.0054,0.002,0.0058
20060503,-0.0029,,-0.0031,0.004,0.0007
20060504,0.0039000000000000003,,0.0037,0.0059,-0.0024
20060505,0.0106,,0.0104,-0.003,-0.0003
20060508,-0.00030000000000000003,,-0.0005,0.0009,0.0009
20060509,0.0001,,-0.0001,-0.0014,0.0021
20060510,-0.0018,,-0.002,-0.0058,0.0054
20060511,-0.0133,,-0.0135,-0.0109,0.0024
20060512,-0.0124,,-0.0126,-0.0071,-0.0008
20060515,0.0006000000000000001,,0.0004,-0.009000000000000001,-0.0028
20060516,-0.0009999999999999998,,-0.0012,0.0009,0.0033
20060517,-0.0164,,-0.0166,0.0012,0.0015
20060518,-0.0067,,-0.0069,-0.0035,0.0012
20060519,0.004,,0.0038,0.0011,0.0002
20060522,-0.0053,,-0.0055,-0.0075,0.0025
20060523,-0.004200000000000001,,-0.0044,0.0007,-0.0001
20060524,0.0005,,0.0003,-0.0008,-0.0014
20060525,0.012400000000000001,,0.0122,0.0068,0.0001
20060526,0.0062,,0.006,-0.0016,-0.001
20060530,-0.016300000000000002,,-0.0165,-0.0078,0.0012
20060531,0.009600000000000001,,0.0094,0.0036,0.0037
20060601,0.01308,,0.0129,0.0081,-0.0017
20060602,0.0017800000000000001,,0.0016,-0.0007,0.0021
20060605,-0.01922,,-0.0194,-0.0117,0.002
20060606,-0.00262,,-0.0028,-0.0017,-0.001
20060607,-0.005520000000000001,,-0.0057,0.0005,-0.0018
20060608,0.00028000000000000003,,0.0001,-0.0025,0.0005
20060609,-0.004220000000000001,,-0.0044,-0.0024,-0.0005
20060612,-0.014620000000000001,,-0.0148,-0.0127,0.0027
20060613,-0.01132,,-0.0115,-0.0036,-0.0041
20060614,0.0047799999999999995,,0.0046,0.0018,-0.0022
20060615,0.02348,,0.0233,0.0104,0.0026
20060616,-0.00412,,-0.0043,-0.0072,0.0001
20060619,-0.00992,,-0.0101,-0.0078,0.0016
20060620,-0.00052,,-0.0007,-0.0037,0.0007
20060621,0.01128,,0.0111,0.0074,-0.0017
20060622,-0.00502,,-0.0052,0.0015,0.0017
20060623,0.00047999999999999996,,0.0003,0.0023,0.0022
20060626,0.00518,,0.005,0.0053,0.002
20060627,-0.00982,,-0.01,-0.0073,0.0028
20060628,0.00488,,0.0047,-0.0037,0.0015
20060629,0.02308,,0.0229,0.0142,-0.0025
20060630,-1.9999999999999998e-05,,-0.0002,0.0113,0.0013
20060703,0.0073999999999999995,,0.0072,-0.0008,-0.0024
20060705,-0.0086,,-0.0088,-0.0055,0.0038
20060706,0.0025,,0.0023,-0.0007,0.0003
20060707,-0.0078000000000000005,,-0.008,-0.0084,0.0072
20060710,0.0006000000000000001,,0.0004,-0.0028,0.0051
20060711,0.0039000000000000003,,0.0037,0.0032,-0.0016
20060712,-0.011899999999999999,,-0.0121,-0.0066,0.0034
20060713,-0.0141,,-0.0143,-0.0055,0.0008
20060714,-0.0058000000000000005,,-0.006,-0.0035,0.0015
20060717,-0.002,,-0.0022,-0.0046,0.0008
20060718,0.0019,,0.0017,0.0017,0.0029
20060719,0.02,,0.0198,0.009000000000000001,-0.0028
20060720,-0.0109,,-0.0111,-0.0159,0.006
20060721,-0.0087,,-0.0089,-0.0086,0.0033
20060724,0.0177,,0.0175,0.0087,-0.0049
20060725,0.0070999999999999995,,0.0069,0.002,0.0
20060726,-0.0010999999999999998,,-0.0013,-0.0035,0.0047
20060727,-0.0056,,-0.0058,-0.0074,0.0036
20060728,0.013300000000000001,,0.0131,0.0067,-0.0015
20060731,-0.0007,,-0.0009,0.0026,-0.001
20060801,-0.0058200000000000005,,-0.006,-0.0093,0.0033
20060802,0.00658,,0.0064,0.0028,-0.0025
20060803,0.00288,,0.0027,0.0085,-0.0045
20060804,-0.00112,,-0.0013,-0.0044,0.0016
20060807,-0.00332,,-0.0035,-0.0028,0.0009
20060808,-0.00402,,-0.0042,-0.008,0.001
20060809,-0.00502,,-0.0052,-0.0042,0.0
20060810,0.0050799999999999994,,0.0049,0.0036,-0.0038
20060811,-0.00472,,-0.0049,-0.0058,0.0019
20060814,0.00138,,0.0012,0.0025,-0.0031
20060815,0.01478,,0.0146,0.0077,-0.0043
20060816,0.00918,,0.009000000000000001,0.0062,-0.0051
20060817,0.00198,,0.0018,0.0036,-0.0018
20060818,0.00318,,0.003,-0.0016,-0.0012
20060821,-0.00462,,-0.0048,-0.0049,0.0015
20060822,0.00088,,0.0007,0.0028,0.0005
20060823,-0.00532,,-0.0055,-0.0075,0.0016
20060824,0.0017800000000000001,,0.0016,-0.002,0.0008
20060825,-0.00052,,-0.0007,0.0018,-0.0009
20060828,0.005979999999999999,,0.0058,0.004,-0.0012
20060829,0.00348,,0.0033,0.0093,-0.0012
20060830,0.00148,,0.0013,0.0074,-0.0029
20060831,0.00047999999999999996,,0.0003,0.0,0.0023
20060901,0.0050999999999999995,,0.0049,-0.0027,-0.0004
20060905,0.0023,,0.0021,0.0052,0.0
20060906,-0.011099999999999999,,-0.0113,-0.0101,0.0046
20060907,-0.0048000000000000004,,-0.005,-0.0016,0.002
20060908,0.0034000000000000002,,0.0032,-0.0008,-0.0012
20060911,-9.999999999999996e-05,,-0.0003,-0.0016,-0.0008
20060912,0.012,,0.0118,0.0115,-0.0032
20060913,0.004699999999999999,,0.0045,0.0043,-0.0008
20060914,-0.0014,,-0.0016,-0.0026,0.0009
20060915,0.0023,,0.0021,0.0002,-0.003
20060918,0.0006000000000000001,,0.0004,0.0001,-0.0029
20060919,-0.0026999999999999997,,-0.0029,-0.0024,0.0019
20060920,0.0062,,0.006,0.0054,0.0001
20060921,-0.0057,,-0.0059,-0.0039,0.0008
20060922,-0.0039000000000000003,,-0.0041,-0.0088,0.005
20060925,0.0088,,0.0086,0.0017,0.0008
20060926,0.0073,,0.0071,-0.0036,-0.0018
20060927,0.001,,0.0008,0.0041,-0.0027
20060928,0.0017000000000000001,,0.0015,-0.001,-0.0019
20060929,-0.0031,,-0.0033,-0.0063,0.0025
20061002,-0.00412,,-0.0043,-0.0055,0.0019
20061003,0.00148,,0.0013,-0.0037,0.0046
20061004,0.01298,,0.0128,0.0073,-0.0051
20061005,0.00448,,0.0043,0.0093,-0.0037
20061006,-0.00292,,-0.0031,-0.0003,-0.0009
20061009,0.00218,,0.002,0.0042,0.0011
20061010,0.00228,,0.0021,-0.0005,0.0
20061011,-0.00282,,-0.003,-0.0033,0.0023
20061012,0.010879999999999999,,0.0107,0.0094,-0.0018
20061013,0.00238,,0.0022,0.0049,-0.0006
20061016,0.00358,,0.0034,0.0062,-0.0032
20061017,-0.004220000000000001,,-0.0044,-0.0021,0.0041
20061018,0.00098,,0.0008,-0.0032,0.0003
20061019,0.00118,,0.001,0.0045,-0.0009
20061020,-1.9999999999999998e-05,,-0.0002,-0.0073,0.0003
20061023,0.0057799999999999995,,0.0056,-0.0042,-0.0019
20061024,0.00028000000000000003,,0.0001,-0.0022,0.0022
20061025,0.00338,,0.0032,0.0019,-0.0008
20061026,0.00648,,0.0063,0.004,0.0018
20061027,-0.008620000000000001,,-0.0088,-0.0035,0.0012
20061030,0.00088,,0.0007,0.0043,-0.0001
20061031,-0.00052,,-0.0007,-0.0034,-0.0011
20061101,-0.008499999999999999,,-0.0087,-0.0099,0.0027
20061102,-0.00030000000000000003,,-0.0005,-0.0022,0.0006
20061103,-0.0009999999999999998,,-0.0012,0.0052,-0.0014
20061106,0.0118,,0.0116,0.0026,-0.0011
20061107,0.0025,,0.0023,0.0007,-0.003
20061108,0.0031,,0.0029,0.0031,0.0034
20061109,-0.0056,,-0.0058,-0.0039,0.0033
20061110,0.0028,,0.0026,0.006999999999999999,-0.0002
20061113,0.0029000000000000002,,0.0027,0.0017,0.0002
20061114,0.0073,,0.0071,0.0092,-0.0023
20061115,0.0037,,0.0035,0.0057,-0.004
20061116,0.0018000000000000002,,0.0016,-0.0031,0.0011
20061117,0.0005,,0.0003,-0.0037,-0.0012
20061120,-0.00039999999999999996,,-0.0006,0.0021,0.0004
20061121,0.0016,,0.0014,0.0004,-0.0008
20061122,0.003,,0.0028,-0.0008,-0.0025
20061124,-0.003,,-0.0032,0.0023,0.0009
20061127,-0.015099999999999999,,-0.0153,-0.0102,0.0032
20061128,0.0032,,0.003,0.0001,-0.0004
20061129,0.0097,,0.0095,0.0013,-0.0004
20061130,0.0013000000000000002,,0.0011,0.0013,0.0021
20061201,-0.0028,,-0.003,-0.0037,0.0011
20061204,0.010100000000000001,,0.0099,0.0086,-0.0017
20061205,0.0043,,0.0041,-0.0019,0.0024
20061206,-0.0008,,-0.001,-0.0009,0.0022
20061207,-0.0039000000000000003,,-0.0041,-0.0004,0.0008
20061208,0.0016,,0.0014,-0.0016,0.0002
20061211,0.002,,0.0018,-0.0028,0.0065
20061212,-0.0018,,-0.002,-0.0051,0.0045
20061213,0.0011,,0.0009,-0.0003,0.0017
20061214,0.0082,,0.008,-0.0013,-0.0012
20061215,0.0009,,0.0007,-0.0033,0.004
20061218,-0.0044,,-0.0046,-0.0095,0.0018
20061219,0.0018000000000000002,,0.0016,-0.0012,0.0004
20061220,-0.0009999999999999998,,-0.0012,0.0056,0.0009
20061221,-0.0036,,-0.0038,0.0001,0.0035
20061222,-0.0046,,-0.0048,0.0029,0.0009
20061226,0.0046,,0.0044,0.0034,0.0038
20061227,0.0076,,0.0074,0.0051,-0.0005
20061228,-0.0015999999999999999,,-0.0018,-0.0018,-0.0001
20061229,-0.004900000000000001,,-0.0051,-0.0027,-0.0003
20070103,-0.00018,,-0.0004,0.0005,0.0014
20070104,0.00182,,0.0016,0.0025,-0.0052
20070105,-0.00708,,-0.0073,-0.0091,-0.0033
20070108,0.00262,,0.0024,-0.0007,0.0009
20070109,0.00022,,0.0,0.0028,-0.0021
20070110,0.00252,,0.0023,-0.0008,-0.0017
20070111,0.00762,,0.0074,0.0055,-0.0029
20070112,0.00522,,0.005,0.0021,-0.0028
20070116,0.00022,,0.0,-0.0027,0.0005
20070117,-0.00118,,-0.0014,-0.0021,-0.0005
20070118,-0.00458,,-0.0048,-0.0108,0.0053
20070119,0.00352,,0.0033,0.0043,0.0006
20070122,-0.00528,,-0.0055,-0.0049,0.0034
20070123,0.00392,,0.0037,0.006,0.0007
20070124,0.00862,,0.0084,0.0023,-0.0005
20070125,-0.01128,,-0.0115,-0.0007,-0.0009
20070126,-0.0003799999999999999,,-0.0006,0.0055,0.0011
20070129,0.00042,,0.0002,0.0059,0.0023
20070130,0.0054199999999999995,,0.0052,-0.0001,0.0022
20070131,0.00662,,0.0064,-0.0042,0.0002
20070201,0.0060999999999999995,,0.0059,0.0034,-0.0023
20070202,0.0017000000000000001,,0.0015,0.001,0.0026
20070205,-0.0009999999999999998,,-0.0012,-0.0022,0.0012
20070206,0.0012000000000000001,,0.001,0.0028,0.0019
20070207,0.0023,,0.0021,0.0041,-0.0002
20070208,-0.0008,,-0.001,0.0024,-0.002
20070209,-0.0074,,-0.0076,-0.0034,0.0015
20070212,-0.0033,,-0.0035,0.002,0.001
20070213,0.0073999999999999995,,0.0072,-0.0016,0.0032
20070214,0.0075,,0.0073,-0.005,-0.0018
20070215,0.0013000000000000002,,0.0011,0.0015,-0.0037
20070216,0.0002,,0.0,0.0026,0.0006
20070220,0.004399999999999999,,0.0042,0.0064,-0.0018
20070221,-0.0007,,-0.0009,0.003,-0.0021
20070222,-0.00039999999999999996,,-0.0006,0.0037,-0.0012
20070223,-0.0029,,-0.0031,0.0015,-0.0025
20070226,-0.0017,,-0.0019,-0.0014,0.0009
20070227,-0.0341,,-0.0343,-0.0018,0.0003
20070228,0.0049,,0.0047,-0.0051,0.0036
20070301,-0.00231,,-0.0025,-0.0009,0.0019
20070302,-0.01221,,-0.0124,-0.0063,0.0024
20070305,-0.010910000000000001,,-0.0111,-0.0069,-0.0028
20070306,0.01599,,0.0158,0.0067,-0.0001
20070307,-0.0019099999999999998,,-0.0021,-0.0006,-0.0001
20070308,0.00699,,0.0068,-0.001,0.0011
20070309,0.00109,,0.0009,0.0029,0.0015
20070312,0.00299,,0.0028,0.0027,-0.0012
20070313,-0.02011,,-0.0203,-0.0026,-0.0012
20070314,0.00589,,0.0057,0.0011,-0.001
20070315,0.00459,,0.0044,0.0049,0.0013
20070316,-0.00401,,-0.0042,-0.0012,-0.0016
20070319,0.01099,,0.0108,-0.0011,0.0001
20070320,0.00689,,0.0067,0.0003,0.0014
20070321,0.01659,,0.0164,-0.0015,-0.001
20070322,-1.0000000000000026e-05,,-0.0002,0.002,-0.0032
20070323,0.00099,,0.0008,0.0008,0.0003
20070326,0.0007899999999999999,,0.0006,-0.0004,-0.0008
20070327,-0.00591,,-0.0061,-0.0021,-0.0001
20070328,-0.00721,,-0.0074,0.0022,-0.0004
20070329,0.00309,,0.0029,-0.002,0.0017
20070330,-0.00051,,-0.0007,0.0027,-0.0005
20070402,0.0024200000000000003,,0.0022,0.0008,-0.0011
20070403,0.009519999999999999,,0.0093,0.0006,-0.0011
20070404,0.00112,,0.0009,-0.0017,-0.0026
20070405,0.00332,,0.0031,0.0,-0.0008
20070409,0.00072,,0.0005,-0.0024,0.0006
20070410,0.0024200000000000003,,0.0022,0.001,0.0002
20070411,-0.006180000000000001,,-0.0064,-0.001,0.0012
20070412,0.00632,,0.0061,0.0025,-0.0019
20070413,0.00362,,0.0034,0.0024,-0.0007
20070416,0.01082,,0.0106,0.0029,0.0011
20070417,0.00112,,0.0009,-0.0042,-0.0012
20070418,0.00022,,0.0,-0.0072,0.0044
20070419,-0.00208,,-0.0023,-0.0038,0.0003
20070420,0.00912,,0.0089,0.0019,0.0004
20070423,-0.0021799999999999996,,-0.0024,0.0007,-0.003
20070424,-0.00078,,-0.001,-0.0004,-0.0024
20070425,0.00932,,0.0091,-0.0034,0.0018
20070426,1.9999999999999998e-05,,-0.0002,0.0032,-0.0035
20070427,-0.00108,,-0.0013,-0.0029,-0.003
20070430,-0.00908,,-0.0093,-0.0092,0.0003
20070501,0.00238,,0.0022,-0.0009,0.0003
20070502,0.00808,,0.0079,0.0061,0.0002
20070503,0.00388,,0.0037,-0.0035,0.0032
20070504,0.00268,,0.0025,0.0017,-0.0002
20070507,0.00198,,0.0018,-0.0037,0.0033
20070508,-0.00112,,-0.0013,-0.0004,-0.0011
20070509,0.00368,,0.0035,0.0006,-0.0002
20070510,-0.014020000000000001,,-0.0142,-0.005,0.0028
20070511,0.00968,,0.0095,0.0018,0.0006
20070514,-0.00262,,-0.0028,-0.0062,0.0006
20070515,-0.00252,,-0.0027,-0.008,0.0028
20070516,0.00838,,0.0082,-0.0021,0.0005
20070517,-0.00082,,-0.001,-0.0033,0.0002
20070518,0.00678,,0.0066,0.004,-0.0049
20070521,0.00328,,0.0031,0.0092,-0.0029
20070522,0.00098,,0.0008,0.0071,-0.0004
20070523,-0.00162,,-0.0018,-0.0022,-0.0013
20070524,-0.01052,,-0.0107,-0.0042,-0.0005
20070525,0.005679999999999999,,0.0055,0.0023,-0.0008
20070529,0.00258,,0.0024,0.006,0.0001
20070530,0.00788,,0.0077,-0.0023,-0.0003
20070531,0.00148,,0.0013,0.0035,-0.003
20070601,0.00459,,0.0044,0.0036,-0.0005
20070604,0.00199,,0.0018,0.0007,-0.0001
20070605,-0.00531,,-0.0055,-0.0012,-0.0022
20070606,-0.00901,,-0.0092,0.0007,0.0005
20070607,-0.017310000000000002,,-0.0175,-0.0004,0.0006
20070608,0.010889999999999999,,0.0107,-0.0006,0.0003
20070611,0.00099,,0.0008,-0.0029,0.0011
20070612,-0.01041,,-0.0106,-0.0016,-0.0018
20070613,0.01389,,0.0137,-0.0019,-0.001
20070614,0.00519,,0.005,0.001,-0.0006
20070615,0.00709,,0.0069,0.0052,-0.0007
20070618,-0.0011099999999999999,,-0.0013,0.0001,-0.001
20070619,0.00159,,0.0014,0.0,0.0015
20070620,-0.01271,,-0.0129,0.001,-0.0018
20070621,0.00579,,0.0056,-0.0016,0.0
20070622,-0.012310000000000001,,-0.0125,0.0061,-0.0001
20070625,-0.0037099999999999998,,-0.0039,-0.0041,-0.001
20070626,-0.00331,,-0.0035,0.0015,-0.003
20070627,0.009389999999999999,,0.0092,0.0046,-0.0039
20070628,0.00049,,0.0003,0.0015,0.0014
20070629,-0.00171,,-0.0019,-0.0035,0.0011
20070702,0.01079,,0.0106,-0.0007,0.0012
20070703,0.00379,,0.0036,-0.0004,-0.0011
20070705,0.00089,,0.0007,0.002,-0.0059
20070706,0.00419,,0.004,-0.0007,-0.0008
20070709,0.00119,,0.001,0.0006,-0.0006
20070710,-0.014110000000000001,,-0.0143,-0.0015,-0.0038
20070711,0.00569,,0.0055,-0.0028,-0.001
20070712,0.01799,,0.0178,-0.0018,-0.003
20070713,0.00299,,0.0028,-0.0031,0.0008
20070716,-0.00291,,-0.0031,-0.0046,-0.0024
20070717,0.00039,,0.0002,0.0016,-0.0024
20070718,-0.00231,,-0.0025,-0.002,-0.0018
20070719,0.00459,,0.0044,0.0033,-0.0049
20070720,-0.012310000000000001,,-0.0125,-0.0027,-0.0019
20070723,0.00379,,0.0036,-0.0041,-0.0041
20070724,-0.020210000000000002,,-0.0204,-0.0052,-0.0022
20070725,0.00319,,0.003,-0.0041,0.0009
20070726,-0.02341,,-0.0236,-0.0001,-0.0024
20070727,-0.014910000000000001,,-0.0151,-0.0007,0.0013
20070730,0.009489999999999998,,0.0093,-0.0024,-0.0007
20070731,-0.011710000000000002,,-0.0119,0.0032,-0.0003
20070801,0.00528,,0.0051,-0.0049,-0.0026
20070802,0.005679999999999999,,0.0055,0.0015,-0.0035
20070803,-0.02642,,-0.0266,-0.0064,-0.0075
20070806,0.02088,,0.0207,-0.0116,-0.0042
20070807,0.006679999999999999,,0.0065,0.0027,-0.0068
20070808,0.014879999999999999,,0.0147,0.0116,-0.0076
20070809,-0.02722,,-0.0274,0.0163,-0.0063
20070810,0.00047999999999999996,,0.0003,0.0006,0.0136
20070813,-0.0004199999999999999,,-0.0006,-0.0114,0.0033
20070814,-0.01812,,-0.0183,-0.0004,-0.0017
20070815,-0.01442,,-0.0146,0.0005,-0.0004
20070816,0.00328,,0.0031,0.0121,0.0118
20070817,0.02378,,0.0236,-0.0042,0.0037
20070820,0.00018,,0.0,0.0015,-0.0031
20070821,0.00168,,0.0015,-0.0006,0.0007
20070822,0.01218,,0.012,0.0005,-0.0001
20070823,-0.00212,,-0.0023,-0.0096,0.0017
20070824,0.01228,,0.0121,0.0012,-0.0022
20070827,-0.008320000000000001,,-0.0085,-0.0011,-0.0014
20070828,-0.02312,,-0.0233,-0.0007,-0.0041
20070829,0.02148,,0.0213,0.0011,0.0003
20070830,-0.00412,,-0.0043,0.0,-0.0049
20070831,0.01138,,0.0112,0.0005,-0.0007
20070904,0.01047,,0.0103,-0.0021,0.0003
20070905,-0.01033,,-0.0105,0.0004,-0.0032
20070906,0.00437,,0.0042,0.0001,-0.0018
20070907,-0.01683,,-0.017,-0.0029,0.0018
20070910,-0.00253,,-0.0027,-0.005,-0.0023
20070911,0.01367,,0.0135,0.0005,-0.0033
20070912,-0.00013,,-0.0003,-0.0043,-0.0021
20070913,0.00707,,0.0069,-0.0069,0.003
20070914,0.00117,,0.001,0.0035,-0.0006
20070917,-0.00583,,-0.006,-0.0044,0.0003
20070918,0.02897,,0.0288,0.0059,0.0037
20070919,0.00607,,0.0059,0.0059,0.0024
20070920,-0.00633,,-0.0065,-0.0014,-0.0032
20070921,0.00447,,0.0043,-0.0022,-0.0024
20070924,-0.00543,,-0.0056,-0.0037,-0.0063
20070925,-0.00013,,-0.0003,-0.0029,-0.0037
20070926,0.00617,,0.006,0.0011,-0.0008
20070927,0.00447,,0.0043,0.002,-0.0005
20070928,-0.00353,,-0.0037,-0.0054,0.0003
20071001,0.01384,,0.0137,0.0081,0.0007
20071002,0.00124,,0.0011,0.0065,0.0019
20071003,-0.004659999999999999,,-0.0048,-0.0022,-0.0016
20071004,0.0019399999999999999,,0.0018,-0.0003,0.0004
20071005,0.01114,,0.011000000000000001,0.0064,-0.0006
20071008,-0.00256,,-0.0027,-0.0018,-0.0029
20071009,0.00794,,0.0078,-0.0022,-0.0015
20071010,-0.00116,,-0.0013,0.0002,-0.004
20071011,-0.005659999999999999,,-0.0058,-0.0068,0.0058
20071012,0.005240000000000001,,0.0051,0.0012,-0.0031
20071015,-0.00876,,-0.0089,-0.0038,-0.0022
20071016,-0.00656,,-0.0067,-0.0003,-0.0028
20071017,0.00234,,0.0022,-0.0015,-0.0026
20071018,-0.0008600000000000001,,-0.001,0.0011,-0.0039
20071019,-0.02436,,-0.0245,-0.0048,0.0001
20071022,0.0048400000000000006,,0.0047,0.0089,0.0005
20071023,0.00864,,0.0085,0.0006,-0.0054
20071024,-0.00316,,-0.0033,-0.0046,-0.0021
20071025,-0.00176,,-0.0019,-0.0032,-0.0004
20071026,0.01394,,0.0138,0.0027,0.0036
20071029,0.0041400000000000005,,0.004,-0.0028,-0.0058
20071030,-0.00626,,-0.0064,0.0009,0.0013
20071031,0.01244,,0.0123,0.0004,-0.0012
20071101,-0.026439999999999998,,-0.0266,-0.0086,-0.0044
20071102,0.00096,,0.0008,0.0019,-0.0089
20071105,-0.0057399999999999994,,-0.0059,-0.0028,-0.0011
20071106,0.012060000000000001,,0.0119,0.0003,-0.0017
20071107,-0.02754,,-0.0277,-0.0004,-0.0046
20071108,-0.00034,,-0.0005,0.0054,0.0117
20071109,-0.01444,,-0.0146,0.0024,0.0086
20071112,-0.01064,,-0.0108,0.0037,0.0027
20071113,0.02826,,0.0281,-0.0046,0.0005
20071114,-0.00614,,-0.0063,-0.0022,-0.0017
20071115,-0.01234,,-0.0125,0.0004,-0.0007
20071116,0.004260000000000001,,0.0041,-0.0062,-0.0064
20071119,-0.01794,,-0.0181,-0.0026,-0.0038
20071120,0.00326,,0.0031,-0.0056,-0.0009
20071121,-0.01524,,-0.0154,0.0041,0.0009
20071123,0.01606,,0.0159,0.0017,0.002
20071126,-0.020739999999999998,,-0.0209,-0.0006,-0.0065
20071127,0.013260000000000001,,0.0131,-0.0053,-0.0019
20071128,0.02916,,0.028999999999999998,0.003,-0.0018
20071129,0.00026000000000000003,,0.0001,-0.005,-0.0031
20071130,0.00716,,0.006999999999999999,-0.0062,0.0086
20071203,-0.00586,,-0.006,-0.0053,0.001
20071204,-0.00596,,-0.0061,-0.0014,-0.0014
20071205,0.014839999999999999,,0.0147,0.0003,-0.0003
20071206,0.01564,,0.0155,0.0084,0.0027
20071207,-0.00056,,-0.0007,0.0005,-0.0002
20071210,0.007240000000000001,,0.0071,-0.0015,0.0023
20071211,-0.02486,,-0.025,-0.0027,-0.0007
20071212,0.00494,,0.0048,0.0005,-0.002
20071213,0.00074,,0.0006,-0.0034,-0.0029
20071214,-0.01346,,-0.0136,-0.0049,-0.0026
20071217,-0.01576,,-0.0159,-0.0021,0.0031
20071218,0.00664,,0.0065,0.0113,-0.0001
20071219,-0.0008600000000000001,,-0.001,0.003,-0.0041
20071220,0.006540000000000001,,0.0064,0.0087,-0.0039
20071221,0.016540000000000003,,0.0164,0.0034,-0.0001
20071224,0.00814,,0.008,0.0009,0.0021
20071226,0.00114,,0.001,0.0021,-0.0004
20071227,-0.01476,,-0.0149,-0.0117,0.0004
20071228,0.0013399999999999998,,0.0012,-0.0037,-0.0014
20071231,-0.006359999999999999,,-0.0065,0.0002,0.0041
